{
  "model_type": "final_binary_imu_fall_rnn",
  "task": "imu_fall",
  "positive_label": "fall",
  "architecture": "rnn",
  "feature_columns": [
    "roll",
    "pitch",
    "yaw",
    "ax",
    "ay",
    "az",
    "wx",
    "wy",
    "wz",
    "accel_norm",
    "gyro_norm",
    "dt_s"
  ],
  "sequence_length": 50,
  "sequence_stride": 4,
  "sample_ms": 40,
  "sample_rate_hz": 25,
  "threshold": 0.5299999999999999,
  "hidden_size": 64,
  "num_layers": 2,
  "dropout": 0.25,
  "transformer_heads": 4,
  "source": "../data/iccas_sensor_lstm/final_iccas_sisfall_imu_merged.csv",
  "device": "cpu",
  "split_method": "Same as final LSTM: SisFall source-file/group hash split; ICCAS chronological split inside each scenario",
  "split_sizes": {
    "train": 60073,
    "validation": 12045,
    "test": 10532
  },
  "label_counts": {
    "train_positive": 26341,
    "train_negative": 33732,
    "validation_positive": 4856,
    "validation_negative": 7189,
    "test_positive": 4679,
    "test_negative": 5853
  },
  "scaler_center": [
    0.0,
    0.0,
    0.0,
    0.01953125,
    -0.8671875,
    -0.06640625,
    -1.9478260278701782,
    1.1130434274673462,
    -0.417391300201416,
    1.0052580833435059,
    14.515645980834961,
    0.019999999552965164
  ],
  "scaler_scale": [
    4.944529056549072,
    4.459987640380859,
    28.37843132019043,
    0.1953125,
    0.91015625,
    0.55078125,
    10.57391357421875,
    8.486956596374512,
    4.730434417724609,
    0.11982309818267822,
    44.94013977050781,
    0.032525718212127686
  ],
  "best_epoch": 14,
  "epochs_trained": 19,
  "train_seconds": 41.875363792001735,
  "validation_metrics": {
    "accuracy": 0.8352843503528435,
    "precision": 0.7602392171076477,
    "recall": 0.8638797364085667,
    "f1": 0.808752650857914,
    "tp": 4195,
    "fp": 1323,
    "tn": 5866,
    "fn": 661,
    "threshold": 0.5299999999999999
  },
  "test_metrics": {
    "accuracy": 0.8028864413216863,
    "precision": 0.797078292627254,
    "recall": 0.746313314810857,
    "f1": 0.7708609271523179,
    "tp": 3492,
    "fp": 889,
    "tn": 4964,
    "fn": 1187,
    "threshold": 0.5299999999999999
  },
  "test_metrics_by_dataset": {
    "ICCAS": {
      "accuracy": 0.947198275862069,
      "precision": 0.9821428571428571,
      "recall": 0.5339805825242718,
      "f1": 0.6918238993710691,
      "tp": 55,
      "fp": 1,
      "tn": 824,
      "fn": 48,
      "threshold": 0.5299999999999999
    },
    "SisFall": {
      "accuracy": 0.788942107455227,
      "precision": 0.7946820809248555,
      "recall": 0.7510926573426573,
      "f1": 0.7722727783395125,
      "tp": 3437,
      "fp": 888,
      "tn": 4140,
      "fn": 1139,
      "threshold": 0.5299999999999999
    }
  },
  "test_metrics_by_activity": {
    "D04": {
      "accuracy": 0.4634146341463415,
      "precision": 0.0,
      "recall": 0.0,
      "f1": 0.0,
      "tp": 0,
      "fp": 396,
      "tn": 342,
      "fn": 0,
      "threshold": 0.5299999999999999
    },
    "D05": {
      "accuracy": 0.9568106312292359,
      "precision": 0.0,
      "recall": 0.0,
      "f1": 0.0,
      "tp": 0,
      "fp": 26,
      "tn": 576,
      "fn": 0,
      "threshold": 0.5299999999999999
    },
    "D06": {
      "accuracy": 0.9102990033222591,
      "precision": 0.0,
      "recall": 0.0,
      "f1": 0.0,
      "tp": 0,
      "fp": 27,
      "tn": 274,
      "fn": 0,
      "threshold": 0.5299999999999999
    },
    "D07": {
      "accuracy": 0.9891304347826086,
      "precision": 0.0,
      "recall": 0.0,
      "f1": 0.0,
      "tp": 0,
      "fp": 3,
      "tn": 273,
      "fn": 0,
      "threshold": 0.5299999999999999
    },
    "D08": {
      "accuracy": 0.9879227053140096,
      "precision": 0.0,
      "recall": 0.0,
      "f1": 0.0,
      "tp": 0,
      "fp": 5,
      "tn": 409,
      "fn": 0,
      "threshold": 0.5299999999999999
    },
    "D09": {
      "accuracy": 0.7971014492753623,
      "precision": 0.0,
      "recall": 0.0,
      "f1": 0.0,
      "tp": 0,
      "fp": 56,
      "tn": 220,
      "fn": 0,
      "threshold": 0.5299999999999999
    },
    "D11": {
      "accuracy": 0.9963768115942029,
      "precision": 0.0,
      "recall": 0.0,
      "f1": 0.0,
      "tp": 0,
      "fp": 1,
      "tn": 275,
      "fn": 0,
      "threshold": 0.5299999999999999
    },
    "D13": {
      "accuracy": 0.7971014492753623,
      "precision": 0.0,
      "recall": 0.0,
      "f1": 0.0,
      "tp": 0,
      "fp": 28,
      "tn": 110,
      "fn": 0,
      "threshold": 0.5299999999999999
    },
    "D14": {
      "accuracy": 0.4492753623188406,
      "precision": 0.0,
      "recall": 0.0,
      "f1": 0.0,
      "tp": 0,
      "fp": 228,
      "tn": 186,
      "fn": 0,
      "threshold": 0.5299999999999999
    },
    "D15": {
      "accuracy": 1.0,
      "precision": 0.0,
      "recall": 0.0,
      "f1": 0.0,
      "tp": 0,
      "fp": 0,
      "tn": 276,
      "fn": 0,
      "threshold": 0.5299999999999999
    },
    "D16": {
      "accuracy": 0.9782608695652174,
      "precision": 0.0,
      "recall": 0.0,
      "f1": 0.0,
      "tp": 0,
      "fp": 6,
      "tn": 270,
      "fn": 0,
      "threshold": 0.5299999999999999
    },
    "D17": {
      "accuracy": 0.875968992248062,
      "precision": 0.0,
      "recall": 0.0,
      "f1": 0.0,
      "tp": 0,
      "fp": 112,
      "tn": 791,
      "fn": 0,
      "threshold": 0.5299999999999999
    },
    "D19": {
      "accuracy": 1.0,
      "precision": 0.0,
      "recall": 0.0,
      "f1": 0.0,
      "tp": 0,
      "fp": 0,
      "tn": 138,
      "fn": 0,
      "threshold": 0.5299999999999999
    },
    "F01": {
      "accuracy": 0.8267045454545454,
      "precision": 1.0,
      "recall": 0.8267045454545454,
      "f1": 0.9051321928460342,
      "tp": 291,
      "fp": 0,
      "tn": 0,
      "fn": 61,
      "threshold": 0.5299999999999999
    },
    "F02": {
      "accuracy": 0.5909090909090909,
      "precision": 1.0,
      "recall": 0.5909090909090909,
      "f1": 0.7428571428571429,
      "tp": 208,
      "fp": 0,
      "tn": 0,
      "fn": 144,
      "threshold": 0.5299999999999999
    },
    "F03": {
      "accuracy": 0.9772727272727273,
      "precision": 1.0,
      "recall": 0.9772727272727273,
      "f1": 0.9885057471264368,
      "tp": 172,
      "fp": 0,
      "tn": 0,
      "fn": 4,
      "threshold": 0.5299999999999999
    },
    "F04": {
      "accuracy": 0.6477272727272727,
      "precision": 1.0,
      "recall": 0.6477272727272727,
      "f1": 0.7862068965517242,
      "tp": 114,
      "fp": 0,
      "tn": 0,
      "fn": 62,
      "threshold": 0.5299999999999999
    },
    "F05": {
      "accuracy": 0.8607954545454546,
      "precision": 1.0,
      "recall": 0.8607954545454546,
      "f1": 0.9251908396946565,
      "tp": 303,
      "fp": 0,
      "tn": 0,
      "fn": 49,
      "threshold": 0.5299999999999999
    },
    "F06": {
      "accuracy": 0.9299242424242424,
      "precision": 1.0,
      "recall": 0.9299242424242424,
      "f1": 0.9636898920510304,
      "tp": 491,
      "fp": 0,
      "tn": 0,
      "fn": 37,
      "threshold": 0.5299999999999999
    },
    "F07": {
      "accuracy": 0.9261363636363636,
      "precision": 1.0,
      "recall": 0.9261363636363636,
      "f1": 0.9616519174041297,
      "tp": 326,
      "fp": 0,
      "tn": 0,
      "fn": 26,
      "threshold": 0.5299999999999999
    },
    "F08": {
      "accuracy": 0.7045454545454546,
      "precision": 1.0,
      "recall": 0.7045454545454546,
      "f1": 0.8266666666666667,
      "tp": 372,
      "fp": 0,
      "tn": 0,
      "fn": 156,
      "threshold": 0.5299999999999999
    },
    "F09": {
      "accuracy": 0.4659090909090909,
      "precision": 1.0,
      "recall": 0.4659090909090909,
      "f1": 0.6356589147286822,
      "tp": 82,
      "fp": 0,
      "tn": 0,
      "fn": 94,
      "threshold": 0.5299999999999999
    },
    "F10": {
      "accuracy": 0.6818181818181818,
      "precision": 1.0,
      "recall": 0.6818181818181818,