{
  "model_type": "iccas_specialized_binary_rnn",
  "task": "gps_wandering",
  "positive_label": "wandering",
  "feature_columns": [
    "x_m",
    "y_m",
    "dx_m",
    "dy_m",
    "speed_mps",
    "dt_s",
    "gps_valid"
  ],
  "sequence_length": 16,
  "threshold": 0.7599999999999999,
  "hidden_size": 64,
  "num_layers": 2,
  "dropout": 0.2,
  "scaler_center": [
    5.0869011878967285,
    77.16938781738281,
    0.0,
    0.0,
    0.0,
    0.03999999910593033,
    1.0
  ],
  "scaler_scale": [
    2568.974365234375,
    649.9352416992188,
    1.3508847951889038,
    3.131732940673828,
    7.117586135864258,
    0.019999999552965164,
    1.0
  ],
  "source": "../ICCAS_final_data.xlsx",
  "device": "cpu",
  "split_sizes": {
    "train": 17233,
    "validation": 3694,
    "test": 3697
  },
  "validation_metrics": {
    "accuracy": 0.924201407688143,
    "precision": 0.8695242581252944,
    "recall": 0.9983775013520823,
    "f1": 0.9295065458207451,
    "tp": 1846,
    "fp": 277,
    "tn": 1568,
    "fn": 3,
    "threshold": 0.7599999999999999
  },
  "test_metrics": {
    "accuracy": 0.9156072491209089,
    "precision": 0.8592800374006545,
    "recall": 0.9940508382909681,
    "f1": 0.921765295887663,
    "tp": 1838,
    "fp": 301,
    "tn": 1547,
    "fn": 11,
    "threshold": 0.7599999999999999
  },
  "test_metrics_by_scenario": {
    "idle": {
      "accuracy": 1.0,
      "precision": 0.0,
      "recall": 0.0,
      "f1": 0.0,
      "tp": 0,
      "fp": 0,
      "tn": 148,
      "fn": 0,
      "threshold": 0.7599999999999999
    },
    "sit": {
      "accuracy": 1.0,
      "precision": 0.0,
      "recall": 0.0,
      "f1": 0.0,
      "tp": 0,
      "fp": 0,
      "tn": 96,
      "fn": 0,
      "threshold": 0.7599999999999999
    },
    "떨어졌다가 앞으로 걸어가고 떨어졌다 앞으로 걸어감": {
      "accuracy": 0.005376344086021506,
      "precision": 0.0,
      "recall": 0.0,
      "f1": 0.0,
      "tp": 0,
      "fp": 185,
      "tn": 1,
      "fn": 0,
      "threshold": 0.7599999999999999
    },
    "새로운 경로 1.2km, 새로운 경로 600m": {
      "accuracy": 0.9914129586260734,
      "precision": 1.0,
      "recall": 0.9914129586260734,
      "f1": 0.9956879655037241,
      "tp": 1270,
      "fp": 0,
      "tn": 0,
      "fn": 11,
      "threshold": 0.7599999999999999
    },
    "새로운 경로에서 배회": {
      "accuracy": 1.0,
      "precision": 1.0,
      "recall": 1.0,
      "f1": 1.0,
      "tp": 568,
      "fp": 0,
      "tn": 0,
      "fn": 0,
      "threshold": 0.7599999999999999
    },
    "제자리에서 떨어짐1,2": {
      "accuracy": 0.4798206278026906,
      "precision": 0.0,
      "recall": 0.0,
      "f1": 0.0,
      "tp": 0,
      "fp": 116,
      "tn": 107,
      "fn": 0,
      "threshold": 0.7599999999999999
    },
    "집 앞 walk": {
      "accuracy": 1.0,
      "precision": 0.0,
      "recall": 0.0,
      "f1": 0.0,
      "tp": 0,
      "fp": 0,
      "tn": 239,
      "fn": 0,
      "threshold": 0.7599999999999999
    },
    "추가된 학교 데이터": {
      "accuracy": 1.0,
      "precision": 0.0,
      "recall": 0.0,
      "f1": 0.0,
      "tp": 0,
      "fp": 0,
      "tn": 793,
      "fn": 0,
      "threshold": 0.7599999999999999
    },
    "학교 walk": {
      "accuracy": 1.0,
      "precision": 0.0,
      "recall": 0.0,
      "f1": 0.0,
      "tp": 0,
      "fp": 0,
      "tn": 163,
      "fn": 0,
      "threshold": 0.7599999999999999
    }
  },
  "history": [
    {
      "epoch": 1,
      "loss": 0.5245965545783986,
      "validation_f1": 0.8061914105079572
    },
    {
      "epoch": 2,
      "loss": 0.44103657592126677,
      "validation_f1": 0.8061914105079572
    },
    {
      "epoch": 3,
      "loss": 0.38052924148496703,
      "validation_f1": 0.8403322565759114
    },
    {
      "epoch": 4,
      "loss": 0.3245411141958916,
      "validation_f1": 0.8947495765787563
    },
    {
      "epoch": 5,
      "loss": 0.26492552181848184,
      "validation_f1": 0.8925899106927347
    },
    {
      "epoch": 6,
      "loss": 0.2576218281759026,
      "validation_f1": 0.894316807738815
    },
    {
      "epoch": 7,
      "loss": 0.25055486640871794,
      "validation_f1": 0.893021009418015
    },
    {
      "epoch": 8,
      "loss": 0.24220524683247963,
      "validation_f1": 0.8953995157384989
    },
    {
      "epoch": 9,
      "loss": 0.2509608020589749,
      "validation_f1": 0.9289123335845265
    },
    {
      "epoch": 10,
      "loss": 0.23209078061817928,
      "validation_f1": 0.9295065458207451
    },
    {
      "epoch": 11,
      "loss": 0.22542768723729634,
      "validation_f1": 0.9020187099950764
    },
    {
      "epoch": 12,
      "loss": 0.2143259683211778,
      "validation_f1": 0.8969197186514674
    },
    {
      "epoch": 13,
      "loss": 0.20739064733679652,
      "validation_f1": 0.894100580270793
    },
    {
      "epoch": 14,
      "loss": 0.21554906809471103,
      "validation_f1": 0.8725814063237376
    },
    {
      "epoch": 15,
      "loss": 0.1921993476229896,
      "validation_f1": 0.8923745173745173
    }
  ]
}